{"front": [[12.337532043457031, "pass"]], "0": [[35.24961614608765, "pass"]], "1": [[120.07048892974854, "timeout"]], "2": [[69.80690741539001, "pass"]], "3": [[110.03684735298157, "pass"]]}