{"0": 2.1899049282073975, "1": 2.2169835567474365, "2": 2.2126882076263428, "3": 2.2547545433044434, "front": 2.0607340335845947}