{"0": 2.249284029006958, "1": 2.2792022228240967, "2": 2.20583438873291, "3": 2.238611936569214, "front": 2.0952463150024414}