{"0": 1.9658405780792236, "1": 1.9642486572265625, "2": 2.028197765350342, "3": 2.069148302078247, "front": 1.9281024932861328}