{"front": [[16.511510133743286, "pass"]], "0": [[55.522136926651, "pass"]], "1": [[120.02323508262634, "timeout"]], "2": [[120.00791049003601, "timeout"]], "3": [[120.10392165184021, "timeout"]]}