{"0": 2.9022295475006104, "1": 3.028907060623169, "2": 3.3011722564697266, "3": 3.4909884929656982, "front": 2.8437111377716064}