{"front": [[14.397817134857178, "pass"]], "0": [[44.44046902656555, "pass"]], "1": [[51.85390639305115, "pass"]], "2": [[75.69109654426575, "pass"]], "3": [[120.0668318271637, "timeout"]]}