{"front": [[11.640586614608765, "pass"]], "0": [[23.87730121612549, "pass"]], "1": [[21.663954496383667, "pass"]], "2": [[70.25910425186157, "fail"]], "3": [[120.02552437782288, "timeout"]]}