{"0": 2.7529897689819336, "1": 2.4829864501953125, "2": 2.575005531311035, "3": 2.6043567657470703, "front": 2.4449214935302734}